P(bar),L(mmol/g)
1,2.3373033622
0.906664911341,2.3373033622
0.838309244362,2.27793799995
0.760065576716,2.22008046347
0.730852584745,2.22008046347
0.649779427959,2.22008046347
0.555495891318,2.16369245536
0.465677340897,2.05517667359
0.398107170553,2.05517667359
0.302587556181,1.85419935036
0.221146897547,1.67287575568
0.149440421941,1.47094950809
0.107099448394,1.22852917595
0.0656177412416,0.879293936265
0.0409983102363,0.613351592496
0.0261228933038,0.427843478161
0.0139534259216,0.230742977058
0.01,0.173869523409
0.00702762389182,0.124443456963
0.00327260520677,0.0575143924243
